﻿Quarter,Time,Down,ToGo,Location,TAM,SFO,Detail,EPB,EPA
,,,,,,,"Buccaneers won the coin toss and deferred, 49ers to receive the opening kickoff.",,
1,15:00,,,TAM 35,0,0,"Jake Camarda kicks off 66 yards, returned by Ray-Ray McCloud for 21 yards (tackle by K.J. Britt)",0,0.28
1,14:54,1,10,SFO 20,0,0,Deebo Samuel left end for -1 yards (tackle by Lavonte David),0.28,-0.46
1,14:15,2,11,SFO 19,0,0,Brock Purdy pass complete deep middle to George Kittle for 24 yards (tackle by Shaquil Barrett),-0.46,1.8
1,13:35,1,10,SFO 43,0,0,Brock Purdy pass incomplete short left intended for Deebo Samuel,1.8,1.25
1,13:31,2,10,SFO 43,0,0,Brock Purdy pass complete short right to Christian McCaffrey for 2 yards (tackle by Christian Izien),1.25,0.83
1,12:52,3,8,SFO 45,0,0,Brock Purdy sacked by Lavonte David for -11 yards,0.83,-1.11
1,12:13,4,19,SFO 34,0,0,"Mitch Wishnowsky punts 44 yards, fair catch by Deven Thompkins at TB-22. Penalty on George Odum: Fair Catch Interference, 15 yards (accepted)",-1.11,-1.4
1,12:05,1,10,TAM 37,0,0,Baker Mayfield pass incomplete deep left intended for Mike Evans (defended by Deommodore Lenoir),1.4,0.86
1,12:03,2,10,TAM 37,0,0,Rachaad White up the middle for 3 yards (tackle by Charvarius Ward and Javon Hargrave),0.86,0.56
1,11:23,3,7,TAM 40,0,0,Baker Mayfield pass incomplete deep right intended for Rakim Jarrett,0.56,-0.72
1,11:16,4,7,TAM 40,0,0,"Jake Camarda punts 42 yards, returned by Ray-Ray McCloud for 2 yards (tackle by Kaevon Merriweather and Josh Hayes)",-0.72,-0.28
1,11:06,1,10,SFO 20,0,0,Brock Purdy pass complete short middle to Deebo Samuel for 15 yards (tackle by Logan Hall and Anthony Nelson),0.28,1.27
1,10:24,1,10,SFO 35,0,0,"Penalty on YaYa Diaby: Neutral Zone Infraction, 5 yards (accepted) (no play)",1.27,2
1,10:03,1,5,SFO 40,0,0,Brock Purdy pass incomplete deep right intended for George Kittle,2,1.4
1,9:58,2,5,SFO 40,0,0,Christian McCaffrey right guard for 8 yards (tackle by YaYa Diaby),1.4,2.13
1,9:13,1,10,SFO 48,0,0,Brock Purdy sacked by Vita Vea for -1 yards,2.13,1.45
1,8:30,2,11,SFO 47,0,0,Brock Purdy pass complete short left to George Kittle for 4 yards (tackle by Anthony Nelson),1.45,1.29
1,7:48,3,7,TAM 49,0,0,Brock Purdy pass complete short left to Christian McCaffrey for 11 yards (tackle by Antoine Winfield and Jamel Dean),1.29,3.05
1,7:11,1,10,TAM 38,0,0,"Christian McCaffrey up the middle for 6 yards (tackle by Antoine Winfield). Penalty on Brandon Aiyuk: Offensive Holding, 10 yards (accepted)",3.05,2.79
1,6:45,1,14,TAM 42,0,0,"Brock Purdy pass incomplete deep left intended for Brandon Aiyuk. Penalty on Jamel Dean: Defensive Holding, 5 yards (accepted) (no play)",2.79,3.12
1,6:39,1,10,TAM 37,0,0,Brock Purdy pass complete short middle to Brandon Aiyuk for 14 yards (tackle by Zyon McCollum and Antoine Winfield),3.12,4.04
1,5:56,1,10,TAM 23,0,0,Christian McCaffrey right end for 9 yards (tackle by Kaevon Merriweather),4.04,4.95
1,5:17,2,1,TAM 14,0,0,Christian McCaffrey up the middle for 8 yards (tackle by Antoine Winfield),4.95,5.83
1,4:39,1,6,TAM 6,0,0,Christian McCaffrey up the middle for 2 yards (tackle by Mike Greene and Greg Gaines),5.83,5.34
1,3:59,2,4,TAM 4,0,6,"Brock Purdy pass complete short right to Christian McCaffrey for 4 yards, touchdown",5.34,7
1,3:55,,,TAM 15,0,7,Jake Moody kicks extra point good,0,0
1,3:55,,,SFO 35,0,7,"Jake Moody kicks off 66 yards, returned by Deven Thompkins for 16 yards (tackle by Demetrius Flannigan-Fowles)",0,-0.22
1,3:50,1,10,TAM 15,0,7,Baker Mayfield up the middle for 3 yards (tackle by Fred Warner),-0.22,-0.28
1,3:12,2,7,TAM 18,0,7,Rachaad White up the middle for 4 yards (tackle by Fred Warner),-0.28,-0.51
1,2:32,3,3,TAM 22,0,7,Baker Mayfield pass complete short left to Rachaad White for 8 yards (tackle by Dre Greenlaw),-0.51,0.94
1,1:53,1,10,TAM 30,0,7,Baker Mayfield pass complete short right to Rachaad White for 5 yards (tackle by Charvarius Ward),0.94,1.07
1,1:13,2,5,TAM 35,0,7,"Baker Mayfield pass complete short left to Deven Thompkins for no gain (tackle by Dre Greenlaw). Penalty on Talanoa Hufanga: Defensive Offside, 4 yards (accepted) (no play)",1.07,1.61
1,0:50,2,1,TAM 39,0,7,Baker Mayfield pass complete short left to Chase Edmonds for 11 yards (tackle by Dre Greenlaw),1.61,2.26
1,0:09,1,10,TAM 50,0,7,Chase Edmonds left end for 3 yards (tackle by Javon Kinlaw),2.26,2.12
2,15:00,2,7,SFO 47,0,7,Trey Palmer right end for 6 yards (tackle by Tashaun Gipson),2.12,2.21
2,14:25,3,1,SFO 41,0,7,Baker Mayfield pass complete short left to Trey Palmer for 3 yards (tackle by Tashaun Gipson and Ambry Thomas),2.21,3.05
2,13:44,1,10,SFO 38,0,7,"Rachaad White up the middle for 4 yards. Penalty on Arik Armstead: Defensive Offside, 5 yards (accepted) (no play)",3.05,3.78
2,13:17,1,5,SFO 33,0,7,"Baker Mayfield sacked by Nick Bosa for no gain. Baker Mayfield fumbles (forced by Fred Warner), recovered by Clelin Ferrell at SF-35",3.78,-1.27
2,12:57,1,10,SFO 35,0,7,Elijah Mitchell right end for 13 yards (tackle by Antoine Winfield),1.27,2.13
2,12:16,1,10,SFO 48,0,7,Elijah Mitchell left guard for 2 yards (tackle by Vita Vea and Shaquil Barrett),2.13,1.85
2,11:43,2,8,SFO 50,0,7,Elijah Mitchell right end for 6 yards (tackle by Lavonte David),1.85,1.95
2,11:03,3,2,TAM 44,0,7,Brock Purdy scrambles up the middle for 3 yards (tackle by Antoine Winfield),1.95,2.85
2,10:18,1,10,TAM 41,0,7,Brock Purdy pass complete deep middle to Brandon Aiyuk for 19 yards (tackle by Jamel Dean),2.85,4.11
2,9:34,1,10,TAM 22,0,7,Elijah Mitchell right end for 3 yards (tackle by Devin White),4.11,3.97
2,8:52,2,7,TAM 19,0,7,Brock Purdy sacked by YaYa Diaby for -8 yards,3.97,2.21
2,8:09,3,15,TAM 27,0,7,Brock Purdy pass complete short right to Deebo Samuel for 8 yards (tackle by Lavonte David),2.21,2.18
2,7:25,4,7,TAM 19,0,10,Jake Moody 37 yard field goal good,2.18,3
2,7:21,,,SFO 35,0,10,"Jake Moody kicks off 65 yards, touchback.",0,0.61
2,7:21,1,10,TAM 25,0,10,Baker Mayfield pass complete short left to Payne Durham for 8 yards (tackle by Oren Burks),0.61,1.14
2,6:44,2,2,TAM 33,0,10,Chase Edmonds left tackle for 3 yards (tackle by Fred Warner),1.14,1.33
2,6:03,1,10,TAM 36,0,10,Baker Mayfield pass complete deep right to Trey Palmer for 17 yards (tackle by Charvarius Ward),1.33,2.46
2,5:27,1,10,SFO 47,0,10,Chase Edmonds right tackle for 1 yard (tackle by Fred Warner),2.46,2.05
2,4:46,2,9,SFO 46,0,10,"Baker Mayfield pass incomplete short right intended for Cade Otton. Penalty on Nick Bosa: Defensive Offside, 5 yards (accepted) (no play)",2.05,2.72
2,4:43,2,4,SFO 41,0,10,Rachaad White left guard for 2 yards (tackle by Javon Hargrave),2.72,2.28
2,4:02,3,2,SFO 39,0,10,Baker Mayfield scrambles left tackle for 3 yards (tackle by Dre Greenlaw and Javon Hargrave),2.28,3.18
2,3:16,1,10,SFO 36,0,10,Baker Mayfield sacked by Arik Armstead for -9 yards,3.18,1.42
2,2:32,2,19,SFO 45,0,10,Baker Mayfield pass complete deep middle to Cade Otton for 27 yards (tackle by Talanoa Hufanga),1.42,4.37
2,2:00,1,10,SFO 18,0,10,Deven Thompkins left end for 17 yards (tackle by Clelin Ferrell),4.37,6.97
2,1:52,1,1,SFO 1,6,10,"Baker Mayfield pass complete short left to Mike Evans for 1 yard, touchdown",6.97,7
2,1:48,,,SFO 15,7,10,Chase McLaughlin kicks extra point good,0,0
2,1:48,,,TAM 35,7,10,"Jake Camarda kicks off 55 yards, returned by Ray-Ray McCloud for 19 yards (tackle by Anthony Nelson and Josh Hayes)",0,0.87
2,1:43,1,10,SFO 29,7,10,Brock Purdy pass complete short right to Brandon Aiyuk for 37 yards (tackle by Devin White),0.87,3.31
2,1:33,1,10,TAM 34,7,10,Christian McCaffrey left end for -2 yards (tackle by Lavonte David),3.31,2.5
2,0:49,2,12,TAM 36,7,10,Brock Purdy pass complete short left to George Kittle for 9 yards (tackle by Lavonte David and Devin White),2.5,3.01
2,0:42,,,,,,Timeout #1 by San Francisco 49ers,,
2,0:42,3,3,TAM 27,7,10,Brock Purdy pass complete short left to Brandon Aiyuk for 10 yards (tackle by Dee Delaney),3.01,4.44
2,0:32,,,,,,Timeout #2 by San Francisco 49ers,,
2,0:32,1,10,TAM 17,7,10,Brock Purdy pass complete short right to Christian McCaffrey for 2 yards (tackle by Antoine Winfield),4.44,4.15
2,0:28,2,8,TAM 15,7,10,Brock Purdy pass complete short right to George Kittle for 5 yards (tackle by Lavonte David),4.15,4.34
2,0:24,3,3,TAM 10,7,10,Brock Purdy pass incomplete short middle intended for Jauan Jennings,4.34,2.86
2,0:20,4,3,TAM 10,7,13,Jake Moody 28 yard field goal good,2.86,3
2,0:16,,,SFO 35,7,13,"Jake Moody kicks off 65 yards, touchback.",0,0.61
2,0:16,1,10,TAM 25,7,13,Baker Mayfield kneels for -1 yards,0.61,-0.07
3,15:00,,,SFO 35,7,13,"Jake Moody kicks off 65 yards, returned by Deven Thompkins for 23 yards (tackle by Jordan Mason)",0,0.48
3,14:54,1,10,TAM 23,7,13,Rachaad White up the middle for 7 yards (tackle by Fred Warner and Tashaun Gipson),0.48,0.88
3,14:15,2,3,TAM 30,7,13,Rachaad White right guard for 5 yards (tackle by Javon Hargrave and Nick Bosa),0.88,1.27
3,13:33,1,10,TAM 35,7,13,Baker Mayfield pass incomplete deep left intended for Mike Evans,1.27,0.72
3,13:27,2,10,TAM 35,7,13,Baker Mayfield pass complete short middle to Chris Godwin for 7 yards (tackle by Fred Warner),0.72,0.96
3,12:42,3,3,TAM 42,7,13,Baker Mayfield pass incomplete deep right intended for Trey Palmer (defended by Charvarius Ward),0.96,-0.59
3,12:36,4,3,TAM 42,7,13,Jake Camarda punts 56 yards out of bounds,-0.59,0.38
3,12:28,1,10,SFO 2,7,13,Christian McCaffrey up the middle for 1 yard (tackle by Antoine Winfield and Shaquil Barrett),-0.38,-0.71
3,11:46,2,9,SFO 3,7,13,Brock Purdy pass complete short left to George Kittle for 21 yards (tackle by Jamel Dean),-0.71,0.54
3,11:06,1,10,SFO 24,7,19,"Brock Purdy pass complete deep left to Brandon Aiyuk for 76 yards, touchdown",0.54,7
3,10:54,,,TAM 15,7,20,Jake Moody kicks extra point good,0,0
3,10:54,,,SFO 35,7,20,"Jake Moody kicks off 62 yards, returned by Deven Thompkins for 16 yards (tackle by Charlie Woerner). Penalty on Payne Durham: Offensive Illegal Block Above the Waist, 10 yards (declined) . Penalty on SirVocea Dennis: Offensive Illegal Block Above the Waist, 9 yards (accepted)",0,-0.38
3,10:48,1,10,TAM 10,7,20,Rachaad White left tackle for no gain (tackle by Javon Kinlaw and Dre Greenlaw),-0.38,-0.78
3,10:04,2,10,TAM 10,7,20,Baker Mayfield pass complete short right to Trey Palmer for -1 yards (tackle by Charvarius Ward),-0.78,-1.54
3,9:21,3,11,TAM 9,7,20,Baker Mayfield pass complete short right to Mike Evans for 13 yards (tackle by Charvarius Ward),-1.54,0.41
3,8:40,1,10,TAM 22,7,20,Baker Mayfield pass complete short right to Rachaad White for 11 yards (tackle by Arik Armstead),0.41,1.14
3,7:56,1,10,TAM 33,7,20,Baker Mayfield pass complete short middle to Chris Godwin for no gain (tackle by Fred Warner),1.14,0.59
3,7:15,2,10,TAM 33,7,20,Baker Mayfield pass incomplete short middle intended for Rachaad White,0.59,-0.1
3,7:12,3,10,TAM 33,7,20,Baker Mayfield pass incomplete deep middle intended for Mike Evans (defended by Dre Greenlaw),-0.1,-1.18
3,7:08,4,10,TAM 33,7,20,"Jake Camarda punts 46 yards, fair catch by Ray-Ray McCloud at TB-33",-1.18,-0.34
3,7:00,1,10,SFO 21,7,20,Christian McCaffrey right end for 12 yards (tackle by Carlton Davis),0.34,1.14
3,6:16,1,10,SFO 33,7,20,Brock Purdy pass complete short left to George Kittle for 11 yards (tackle by Antoine Winfield),1.14,1.86
3,5:36,1,10,SFO 44,7,20,Christian McCaffrey left tackle for -4 yards (tackle by Shaquil Barrett),1.86,0.78
3,4:58,2,14,SFO 40,7,20,Brock Purdy pass complete deep right to Deebo Samuel for 40 yards (tackle by Dee Delaney),0.78,4.24
3,4:17,1,10,TAM 20,7,20,Christian McCaffrey up the middle for 6 yards (tackle by Logan Hall and Kaevon Merriweather),4.24,4.64
3,3:35,2,4,TAM 14,7,20,Christian McCaffrey right tackle for 3 yards (tackle by Greg Gaines and Antoine Winfield),4.64,4.59
3,2:52,3,1,TAM 11,7,20,Christian McCaffrey left tackle for 5 yards (tackle by Antoine Winfield),4.59,5.83
3,2:24,1,6,TAM 6,7,20,Christian McCaffrey up the middle for 3 yards (tackle by Vita Vea),5.83,5.53
3,1:46,2,3,TAM 3,7,26,"Brock Purdy pass complete short left to George Kittle for 3 yards, touchdown",5.53,7
3,1:42,,,TAM 15,7,27,Jake Moody kicks extra point good,0,0
3,1:42,,,SFO 35,7,27,"Jake Moody kicks off 65 yards, touchback.",0,0.61
3,1:42,1,10,TAM 25,7,27,Baker Mayfield pass complete short left to Mike Evans for 6 yards (tackle by Ji'Ayir Brown),0.61,0.87
3,1:04,2,4,TAM 31,7,27,Chase Edmonds left end for 1 yard (tackle by Chase Young),0.87,0.3
3,0:22,3,3,TAM 32,7,27,Baker Mayfield pass complete short left to Chris Godwin for 4 yards (tackle by Ambry Thomas),0.3,1.33
4,15:00,1,10,TAM 36,7,27,Baker Mayfield pass complete deep middle to Rakim Jarrett for 41 yards (tackle by Ji'Ayir Brown),1.33,4.04
4,14:27,1,10,SFO 23,7,27,"Baker Mayfield pass incomplete deep middle intended for Cade Otton. Penalty on Fred Warner: Defensive Pass Interference, 22 yards (accepted) (no play)",4.04,6.97
4,14:22,1,1,SFO 1,13,27,"Rachaad White right guard for 1 yard, touchdown",6.97,7
4,14:16,,,SFO 15,14,27,Chase McLaughlin kicks extra point good,0,0
4,14:16,,,TAM 35,14,27,"Jake Camarda kicks off 47 yards, returned by Jordan Mason for 12 yards (tackle by SirVocea Dennis)",0,0.94
4,14:11,1,10,SFO 30,14,27,"Penalty on Kyle Juszczyk: False Start, 5 yards (accepted) (no play)",0.94,0.61
4,14:11,1,15,SFO 25,14,27,Christian McCaffrey up the middle for 2 yards (tackle by William Gholston and Antoine Winfield),0.61,-0.01
4,13:24,,,,,,Timeout #1 by San Francisco 49ers,,
4,13:24,2,13,SFO 27,14,27,Brock Purdy pass complete short left to Christian McCaffrey for 6 yards (tackle by Josh Hayes and SirVocea Dennis),-0.01,0.1
4,12:41,3,7,SFO 33,14,27,Brock Purdy pass incomplete short right intended for Brandon Aiyuk,0.1,-1.18
4,12:36,4,7,SFO 33,14,27,"Mitch Wishnowsky punts 60 yards, returned by Deven Thompkins for 13 yards (tackle by George Odum)",-1.18,-0.28
4,12:25,1,10,TAM 20,14,27,Baker Mayfield pass incomplete short middle intended for Trey Palmer (defended by Fred Warner),0.28,-0.27
4,12:20,2,10,TAM 20,14,27,Baker Mayfield pass complete short right to Mike Evans for 12 yards (tackle by Charvarius Ward),-0.27,1.07
4,12:00,1,10,TAM 32,14,27,Baker Mayfield pass complete short right to Chris Godwin for 9 yards,1.07,1.74
4,11:45,2,1,TAM 41,14,27,Rachaad White up the middle for 3 yards (tackle by Fred Warner),1.74,1.86
4,11:16,1,10,TAM 44,14,27,Baker Mayfield pass complete short middle to Trey Palmer for 3 yards (tackle by Fred Warner),1.86,1.72
4,10:47,2,7,TAM 47,14,27,Baker Mayfield pass complete short right to Chris Godwin for 8 yards (tackle by Charvarius Ward),1.72,2.59
4,10:24,1,10,SFO 45,14,27,Baker Mayfield pass complete short right to Rachaad White for no gain (tackle by Fred Warner),2.59,2.04
4,9:49,2,10,SFO 45,14,27,Baker Mayfield pass complete short right to Rachaad White for no gain (tackle by Deommodore Lenoir),2.04,1.36
4,9:03,3,10,SFO 45,14,27,Baker Mayfield pass complete short middle to Chris Godwin for 11 yards (tackle by Charvarius Ward),1.36,3.31
4,8:32,1,10,SFO 34,14,27,Baker Mayfield pass complete short right to Payne Durham for 5 yards,3.31,3.45
4,7:58,2,5,SFO 29,14,27,Baker Mayfield pass incomplete deep middle intended for Mike Evans,3.45,2.74
4,7:54,3,5,SFO 29,14,27,Baker Mayfield pass incomplete short middle intended for Mike Evans (defended by Fred Warner),2.74,1.54
4,7:50,4,5,SFO 29,14,27,Baker Mayfield pass complete short right to Mike Evans for 11 yards (tackle by Ambry Thomas and Ji'Ayir Brown),1.54,4.37
4,7:17,1,10,SFO 18,14,27,Baker Mayfield pass complete short right to Cade Otton for 6 yards (tackle by Dre Greenlaw and Charvarius Ward),4.37,4.81
4,6:53,2,4,SFO 12,14,27,Baker Mayfield pass incomplete short middle intended for Deven Thompkins,4.81,4.03
4,6:49,3,4,SFO 12,14,27,Baker Mayfield pass incomplete short right intended for Mike Evans (defended by Tashaun Gipson),4.03,2.71
4,6:45,4,4,SFO 12,14,27,Baker Mayfield pass incomplete short left intended for Mike Evans (defended by Ji'Ayir Brown),2.71,0.35
4,6:39,1,10,SFO 12,14,27,Christian McCaffrey left tackle for -1 yards (tackle by YaYa Diaby and Antoine Winfield),-0.35,-0.85
4,5:57,2,11,SFO 11,14,27,Brock Purdy sacked by YaYa Diaby for -8 yards,-0.85,-2.47
4,5:12,3,19,SFO 3,14,27,Christian McCaffrey up the middle for 12 yards (tackle by SirVocea Dennis and Antoine Winfield),-2.47,-2.44
4,4:27,4,7,SFO 15,14,27,"Mitch Wishnowsky punts 49 yards, returned by Deven Thompkins for 51 yards (tackle by Dee Winters)",-2.44,-4.71
4,4:12,1,10,SFO 13,14,27,Baker Mayfield pass complete short left to Rachaad White for 4 yards (tackle by Dre Greenlaw and Ambry Thomas),4.71,4.77
4,3:46,2,6,SFO 9,14,27,Baker Mayfield pass incomplete short middle intended for Cade Otton (defended by Ji'Ayir Brown),4.77,3.88
4,3:42,3,6,SFO 9,14,27,Baker Mayfield pass short left (defended by Dre Greenlaw) intended for Chris Godwin is intercepted by Ji'Ayir Brown in end zone and returned for no gain,3.88,-0.28
4,3:38,1,10,SFO 20,14,27,Christian McCaffrey up the middle for -1 yards (tackle by Vita Vea),0.28,-0.46
4,3:33,,,,,,Timeout #1 by Tampa Bay Buccaneers,,
4,3:33,2,11,SFO 19,14,27,Brock Purdy left end for 13 yards (tackle by Josh Hayes),-0.46,1.07
4,2:52,1,10,SFO 32,14,27,Brock Purdy pass complete short right to George Kittle for 12 yards (tackle by Antoine Winfield),1.07,1.86
4,2:43,1,10,SFO 44,14,27,Christian McCaffrey left end for 6 yards (tackle by Kaevon Merriweather),1.86,2.13
4,2:34,2,4,SFO 50,14,27,Christian McCaffrey left guard for 2 yards (tackle by Shaquil Barrett),2.13,1.69
4,2:30,,,,,,Timeout #2 by Tampa Bay Buccaneers,,
4,2:30,3,2,TAM 48,14,27,Christian McCaffrey left guard for 1 yard (tackle by Shaquil Barrett and Kaevon Merriweather),1.69,0.13
4,2:19,,,,,,Timeout #3 by Tampa Bay Buccaneers,,
4,2:19,4,1,TAM 47,14,27,Christian McCaffrey left guard for no gain (tackle by Josh Hayes and Antoine Winfield),0.13,-2.06
4,2:13,1,10,TAM 47,14,27,Baker Mayfield pass complete short right to Cade Otton for 8 yards (tackle by Dre Greenlaw),2.06,2.6
4,2:08,2,2,SFO 45,14,27,Baker Mayfield pass incomplete short right,2.6,1.88
4,2:02,3,2,SFO 45,14,27,Rachaad White up the middle for 5 yards (tackle by Arik Armstead and Ji'Ayir Brown),1.88,2.92
4,1:57,1,10,SFO 40,14,27,"Baker Mayfield sacked by and Nick Bosa for -7 yards and Dre Greenlaw for -7 yards. Penalty on Luke Goedeke: Offensive Holding, 10 yards (declined)",2.92,1.43
4,1:50,2,17,SFO 47,14,27,Baker Mayfield pass complete short right to Cade Otton for 8 yards (tackle by Deommodore Lenoir and Fred Warner),1.43,1.82
4,1:44,3,9,SFO 39,14,27,Baker Mayfield sacked by Chase Young for -9 yards,1.82,0.07
4,1:11,4,18,SFO 48,14,27,Baker Mayfield pass incomplete deep right (defended by Charvarius Ward),0.07,-2.13
4,1:02,1,10,SFO 48,14,27,Brock Purdy kneels for -1 yards,2.13,1.45
4,0:32,2,11,SFO 47,14,27,Brock Purdy kneels for -1 yards,1.45,0.63