﻿Quarter,Time,Down,ToGo,Location,DAL,SFO,Detail,EPB,EPA
,,,,,,,"Cowboys won the coin toss and deferred, 49ers to receive the opening kickoff.",,
1,15:00,,,DAL 35,0,0,"Brandon Aubrey kicks off 65 yards, touchback.",0,0.61
1,15:00,1,10,SFO 25,0,0,"Christian McCaffrey left end for 3 yards (tackle by Donovan Wilson). Penalty on Donovan Wilson: Face Mask (15 Yards), 15 yards (accepted)",0.61,1.8
1,14:37,1,10,SFO 43,0,0,Brock Purdy pass complete short middle to Brandon Aiyuk for 9 yards (tackle by Malik Hooker and Stephon Gilmore),1.8,2.47
1,13:51,2,1,DAL 48,0,0,Christian McCaffrey left guard for 4 yards (tackle by Micah Parsons and DeMarcus Lawrence),2.47,2.65
1,13:16,1,10,DAL 44,0,0,Brock Purdy pass complete short right to Brandon Aiyuk for 11 yards (tackle by Stephon Gilmore),2.65,3.38
1,12:40,1,10,DAL 33,0,0,"Brock Purdy pass incomplete short left intended for Deebo Samuel. Penalty on Micah Parsons: Defensive Offside, 5 yards (accepted) (no play)",3.38,4.11
1,12:31,1,5,DAL 28,0,0,Brock Purdy pass complete short right to Deebo Samuel for 4 yards (tackle by Stephon Gilmore),4.11,4.05
1,11:59,2,1,DAL 24,0,0,Christian McCaffrey right end for 5 yards (tackle by DeMarcus Lawrence and Damone Clark),4.05,4.31
1,11:16,1,10,DAL 19,0,6,"Brock Purdy pass complete deep right to George Kittle for 19 yards, touchdown",4.31,7
1,11:10,,,DAL 15,0,7,Jake Moody kicks extra point good,0,0
1,11:10,1,10,DAL 10,0,7,"Penalty on Chauncey Golston: Defensive Offside, 5 yards (accepted) (no play)",4.91,0
1,11:10,,,SFO 40,0,7,"Jake Moody kicks off 60 yards, touchback.",0,0.61
1,11:10,1,10,DAL 25,0,7,Tony Pollard left tackle for 1 yard (tackle by Nick Bosa),0.61,0.2
1,10:37,2,9,DAL 26,0,7,Dak Prescott pass incomplete deep left intended for Luke Schoonmaker,0.2,-0.49
1,10:32,3,9,DAL 26,0,7,Dak Prescott pass incomplete deep left intended for Michael Gallup,-0.49,-1.63
1,10:28,4,9,DAL 26,0,7,"Bryan Anger punts 52 yards, returned by Ray-Ray McCloud for 1 yard (tackle by C.J. Goodwin)",-1.63,-0.48
1,10:20,1,10,SFO 23,0,7,Christian McCaffrey left guard for 5 yards (tackle by Johnathan Hankins and Leighton Vander Esch),0.48,0.61
1,9:41,2,5,SFO 28,0,7,Christian McCaffrey right end for 3 yards (tackle by Osa Odighizuwa),0.61,0.3
1,8:58,3,2,SFO 31,0,7,Brock Purdy pass incomplete short middle intended for Christian McCaffrey (defended by Johnathan Hankins),0.3,-1.31
1,8:54,4,2,SFO 31,0,7,"Mitch Wishnowsky punts 48 yards, fair catch by KaVontae Turpin at DAL-21",-1.31,-0.34
1,8:46,1,10,DAL 21,0,7,Dak Prescott pass complete short left to Tony Pollard for -1 yards (tackle by Dre Greenlaw),0.34,-0.34
1,8:14,2,11,DAL 20,0,7,Dak Prescott pass complete short right to CeeDee Lamb for 8 yards (tackle by Fred Warner),-0.34,0.04
1,7:40,3,3,DAL 28,0,7,Dak Prescott sacked by and Nick Bosa for -6 yards and Arik Armstead for -6 yards,0.04,-1.9
1,7:03,4,9,DAL 22,0,7,"Bryan Anger punts 48 yards, fair catch by Ray-Ray McCloud at SF-30",-1.9,-0.94
1,6:54,1,10,SFO 30,0,7,Brock Purdy sacked by Jayron Kearse for -2 yards,0.94,0.12
1,6:18,2,12,SFO 28,0,7,Deebo Samuel left end for 11 yards (tackle by Damone Clark),0.12,0.89
1,5:42,3,1,SFO 39,0,7,Christian McCaffrey up the middle for 2 yards (tackle by Chauncey Golston and Micah Parsons),0.89,1.66
1,4:58,1,10,SFO 41,0,7,Christian McCaffrey left tackle for 5 yards (tackle by DaRon Bland and Leighton Vander Esch),1.66,1.8
1,4:15,2,5,SFO 46,0,7,Brock Purdy pass incomplete short left intended for George Kittle (defended by Johnathan Hankins),1.8,1.09
1,4:10,3,5,SFO 46,0,7,"Brock Purdy pass incomplete short left intended for Christian McCaffrey. Penalty on Jayron Kearse: Defensive Offside, 5 yards (accepted) (no play)",1.09,2.32
1,4:06,1,10,DAL 49,0,7,Jordan Mason up the middle for 7 yards (tackle by Johnathan Hankins),2.32,2.73
1,3:27,2,3,DAL 42,0,7,Jordan Mason left guard for 2 yards (tackle by Markquese Bell and Donovan Wilson),2.73,2.28
1,2:46,3,1,DAL 40,0,7,Brock Purdy pass complete short right to Kyle Juszczyk for 9 yards (tackle by Jayron Kearse),2.28,3.51
1,2:00,1,10,DAL 31,0,7,"Penalty on SFO: Delay of Game, 5 yards (accepted) (no play)",3.51,3.18
1,1:42,1,15,DAL 36,0,7,Brock Purdy pass incomplete deep middle intended for Brandon Aiyuk (defended by Stephon Gilmore),3.18,2.29
1,1:37,2,15,DAL 36,0,7,Brock Purdy pass incomplete short middle intended for Ronnie Bell (defended by DaRon Bland),2.29,1.62
1,1:34,3,15,DAL 36,0,7,Christian McCaffrey up the middle for -5 yards (tackle by Dante Fowler and DeMarcus Lawrence),1.62,0.53
1,0:53,4,20,DAL 41,0,7,Mitch Wishnowsky punts 36 yards downed by Ronnie Bell,0.53,0.38
1,0:47,1,10,DAL 5,0,7,"Tony Pollard left end for 4 yards. Tony Pollard fumbles (forced by Fred Warner), recovered by Kevin Givens at DAL-16 Replay Assistant challenged the loose ball recovery ruling, and the play was upheld.",-0.38,-4.51
1,0:38,1,10,DAL 16,0,7,Deebo Samuel left end for 6 yards (tackle by DaRon Bland),4.51,4.97
2,15:00,2,4,DAL 10,0,7,"Christian McCaffrey up the middle for 8 yards. Christian McCaffrey fumbles (forced by Jourdan Lewis), recovered by Jourdan Lewis at DAL-2",4.97,0.38
2,14:56,1,10,DAL 2,0,7,Dak Prescott pass incomplete deep right intended for Michael Gallup (defended by Charvarius Ward),-0.38,-0.78
2,14:50,2,10,DAL 2,0,7,Dak Prescott pass complete short left to Michael Gallup for 8 yards (tackle by Deommodore Lenoir and Oren Burks),-0.78,-0.48
2,14:22,3,2,DAL 10,0,7,Dak Prescott sacked by Fred Warner for -6 yards,-0.48,-2.49
2,13:40,4,8,DAL 4,0,7,"Bryan Anger punts 48 yards, returned by Ray-Ray McCloud for 14 yards (tackle by Trent Sieg)",-2.49,-3.05
2,13:26,1,10,DAL 38,0,13,"Brock Purdy pass complete deep right to George Kittle for 38 yards, touchdown",3.05,7
2,13:16,,,DAL 15,0,14,Jake Moody kicks extra point good,0,0
2,13:16,,,SFO 35,0,14,"Jake Moody kicks off 61 yards, returned by KaVontae Turpin for 18 yards (tackle by George Odum)",0,0.41
2,13:12,1,10,DAL 22,0,14,Tony Pollard up the middle for 3 yards (tackle by Isaiah Oliver and Fred Warner),0.41,0.27
2,12:41,2,7,DAL 25,0,14,Brandin Cooks left end for 6 yards (tackle by Tashaun Gipson),0.27,0.37
2,12:18,3,1,DAL 31,0,14,Dak Prescott up the middle for 2 yards (tackle by Arik Armstead and Nick Bosa),0.37,1.14
2,11:46,1,10,DAL 33,0,14,Rico Dowdle up the middle for 5 yards (tackle by Dre Greenlaw and Fred Warner),1.14,1.27
2,11:14,2,5,DAL 38,0,14,Dak Prescott pass complete short right to Brandin Cooks for 7 yards,1.27,1.93
2,10:36,1,10,DAL 45,0,14,Dak Prescott pass complete short middle to Tony Pollard for 3 yards (tackle by Dre Greenlaw),1.93,1.79
2,10:02,2,7,DAL 48,0,14,Tony Pollard right end for no gain (tackle by Tashaun Gipson and Oren Burks),1.79,1.09
2,9:18,3,7,DAL 48,0,14,Dak Prescott pass complete short right to Jake Ferguson for 20 yards (tackle by Fred Warner),1.09,3.45
2,8:37,1,10,SFO 32,0,14,Dak Prescott pass incomplete short middle intended for Rico Dowdle (defended by Dre Greenlaw),3.45,2.9
2,8:34,2,10,SFO 32,0,14,Dak Prescott pass complete short left to CeeDee Lamb for 6 yards (tackle by Isaiah Oliver and Deommodore Lenoir),2.9,3.01
2,7:51,3,4,SFO 26,6,14,"Dak Prescott pass complete deep right to KaVontae Turpin for 26 yards, touchdown",3.01,7
2,7:45,,,SFO 15,7,14,Brandon Aubrey kicks extra point good,0,0
2,7:45,,,DAL 35,7,14,"Brandon Aubrey kicks off 65 yards, touchback.",0,0.61
2,7:45,1,10,SFO 25,7,14,Brock Purdy pass complete short left to Brandon Aiyuk for 15 yards (tackle by Malik Hooker),0.61,1.6
2,7:06,1,10,SFO 40,7,14,Christian McCaffrey up the middle for 6 yards (tackle by Damone Clark and DeMarcus Lawrence),1.6,1.86
2,6:23,2,4,SFO 46,7,14,Brock Purdy pass incomplete deep left intended for Brandon Aiyuk,1.86,1.16
2,6:16,3,4,SFO 46,7,14,"Brock Purdy pass incomplete short left intended for Christian McCaffrey. Penalty on Jayron Kearse: Taunting / Defense, 15 yards (declined) . Penalty on Donovan Wilson: Unnecessary Roughness / Defense, 15 yards (accepted) (no play)",1.16,2.98
2,6:11,1,10,DAL 39,7,14,Christian McCaffrey left end for -2 yards (tackle by Leighton Vander Esch),2.98,2.17
2,5:32,2,12,DAL 41,7,14,Brock Purdy pass complete short left to Christian McCaffrey for 19 yards (tackle by Markquese Bell and Leighton Vander Esch),2.17,4.11
2,4:44,1,10,DAL 22,7,14,Jordan Mason up the middle for 8 yards (tackle by Donovan Wilson),4.11,4.85
2,4:06,2,2,DAL 14,7,14,Jordan Mason up the middle for 4 yards (tackle by Osa Odighizuwa and DaRon Bland),4.85,4.91
2,3:26,1,10,DAL 10,7,14,Brock Purdy pass complete short middle to Deebo Samuel for 9 yards (tackle by Damone Clark and Malik Hooker),4.91,5.91
2,2:40,2,1,DAL 1,7,20,"Christian McCaffrey left guard for 1 yard, touchdown",5.91,7
2,2:36,,,DAL 15,7,21,Jake Moody kicks extra point good,0,0
2,2:36,,,SFO 35,7,21,"Penalty on Aaron Banks: Unnecessary Roughness / Offense, 15 yards (accepted) (no play)",0,0
2,2:36,,,SFO 20,7,21,"Jake Moody kicks off 61 yards, returned by KaVontae Turpin for 15 yards (tackle by Jordan Mason)",0,1.2
2,2:32,1,10,DAL 34,7,21,Dak Prescott pass complete short right to Jake Ferguson for 5 yards (tackle by Isaiah Oliver),1.2,1.33
2,2:10,2,5,DAL 39,7,21,Dak Prescott pass incomplete short right intended for Tony Pollard,1.33,0.63
2,2:07,3,5,DAL 39,7,21,Dak Prescott pass complete short middle to Jake Ferguson for 3 yards (tackle by Isaiah Oliver and Fred Warner),0.63,-0.59
2,2:00,4,2,DAL 42,7,21,"Bryan Anger punts 52 yards, returned by Ray-Ray McCloud for 12 yards (tackle by Hunter Luepke)",-0.59,-0.04
2,1:51,1,10,SFO 18,7,21,Deebo Samuel up the middle for 8 yards (tackle by Leighton Vander Esch and Damone Clark),0.04,0.68
2,1:11,,,,,,Timeout #1 by San Francisco 49ers,,
2,1:11,2,2,SFO 26,7,21,Christian McCaffrey up the middle for no gain (tackle by Leighton Vander Esch),0.68,-0.14
2,1:04,,,,,,Timeout #1 by Dallas Cowboys,,
2,1:04,3,2,SFO 26,7,21,Brock Purdy pass incomplete short middle intended for Brandon Aiyuk (defended by Jourdan Lewis),-0.14,-1.63
2,1:00,4,2,SFO 26,7,21,"Mitch Wishnowsky punts 59 yards, returned by Deuce Vaughn for 10 yards (tackle by Ambry Thomas and George Odum)",-1.63,-0.61
2,0:50,1,10,DAL 25,7,21,Dak Prescott pass incomplete deep left intended for Brandin Cooks,0.61,0.06
2,0:41,2,10,DAL 25,7,21,Dak Prescott sacked by Dre Greenlaw for -1 yards,0.06,-0.76
3,15:00,,,SFO 35,7,21,"Jake Moody kicks off 58 yards, returned by Rico Dowdle for 22 yards (tackle by Isaiah Oliver and George Odum)",0,0.87
3,14:53,1,10,DAL 29,7,21,Tony Pollard up the middle for 5 yards (tackle by Charvarius Ward),0.87,1
3,14:25,2,5,DAL 34,7,21,Dak Prescott pass complete short middle to CeeDee Lamb for 29 yards (tackle by Charvarius Ward),1,3.12
3,13:51,1,10,SFO 37,7,21,Tony Pollard right end for -1 yards (tackle by Nick Bosa),3.12,2.44
3,13:14,2,11,SFO 38,7,21,Dak Prescott pass complete short middle to Tony Pollard for 7 yards (tackle by Fred Warner),2.44,2.68
3,12:36,3,4,SFO 31,7,21,Rico Dowdle left guard for -1 yards (tackle by Javon Hargrave),2.68,1.26
3,11:58,4,5,SFO 32,10,21,Brandon Aubrey 50 yard field goal good,1.26,3
3,11:53,,,DAL 35,10,21,"Brandon Aubrey kicks off 65 yards, touchback.",0,0.61
3,11:53,1,10,SFO 25,10,21,"Penalty on Trent Williams: False Start, 5 yards (accepted) (no play)",0.61,0.28
3,11:53,1,15,SFO 20,10,21,Brock Purdy pass complete deep middle to Brandon Aiyuk for 23 yards (tackle by Stephon Gilmore),0.28,1.8
3,11:12,1,10,SFO 43,10,21,Christian McCaffrey up the middle for 4 yards (tackle by Chauncey Golston),1.8,1.79
3,10:32,2,6,SFO 47,10,21,Christian McCaffrey right end for 3 yards (tackle by Micah Parsons and Sam Williams),1.79,1.35
3,9:58,3,4,SFO 49,10,21,"Brock Purdy pass complete deep left to Brandon Aiyuk for no gain. Penalty on Spencer Burford: Offensive Holding, 10 yards (accepted) (no play)",1.35,0.17
3,9:34,3,13,SFO 40,10,21,Brock Purdy pass complete deep middle to Deebo Samuel for 42 yards (tackle by Stephon Gilmore and Leighton Vander Esch),0.17,4.37
3,8:50,1,10,DAL 18,10,21,Brock Purdy pass complete short middle to Kyle Juszczyk for 7 yards (tackle by Jayron Kearse),4.37,5.01
3,8:08,2,3,DAL 11,10,21,Deebo Samuel left guard for 1 yard (tackle by DaRon Bland and Dorance Armstrong),5.01,4.51
3,7:24,3,2,DAL 10,10,27,"Brock Purdy pass complete short left to George Kittle for 10 yards, touchdown",4.51,7
3,7:20,,,DAL 15,10,28,Jake Moody kicks extra point good,0,0
3,7:20,,,SFO 35,10,28,"Jake Moody kicks off 57 yards, returned by Rico Dowdle for 13 yards (tackle by George Odum)",0,0.34
3,7:16,1,10,DAL 21,10,28,Dak Prescott pass complete short left to CeeDee Lamb for 6 yards (tackle by Dre Greenlaw and Deommodore Lenoir),0.34,0.61
3,6:45,2,4,DAL 27,10,28,Tony Pollard up the middle for 10 yards (tackle by Talanoa Hufanga),0.61,1.4
3,6:16,1,10,DAL 37,10,28,Dak Prescott pass deep left intended for Brandin Cooks is intercepted by Tashaun Gipson at SF-12 and returned for 26 yards (tackle by Sean McKeon and Tyler Smith),1.4,-1.47
3,6:01,1,10,SFO 38,10,28,Jordan Mason up the middle for 8 yards (tackle by Micah Parsons and Damone Clark),1.47,2
3,5:15,2,2,SFO 46,10,28,Jordan Mason up the middle for 4 yards (tackle by Donovan Wilson),2,2.26
3,4:34,1,10,SFO 50,10,28,Brock Purdy pass incomplete short left intended for Jordan Mason,2.26,1.71
3,4:29,2,10,SFO 50,10,28,Brock Purdy pass complete short right to Christian McCaffrey for 8 yards (tackle by Jourdan Lewis and Markquese Bell),1.71,2.08
3,3:44,3,2,DAL 42,10,28,Brock Purdy pass complete deep left to Jauan Jennings for 19 yards (tackle by Malik Hooker),2.08,4.04
3,3:02,1,10,DAL 23,10,28,Christian McCaffrey up the middle for 5 yards (tackle by Leighton Vander Esch),4.04,4.21
3,2:21,2,5,DAL 18,10,28,Deebo Samuel left guard for 4 yards (tackle by Leighton Vander Esch),4.21,4.28
3,1:37,3,1,DAL 14,10,28,Christian McCaffrey up the middle for 1 yard (tackle by Johnathan Hankins),4.28,4.71
3,0:55,1,10,DAL 13,10,28,Christian McCaffrey up the middle for 3 yards (tackle by Dorance Armstrong and Osa Odighizuwa),4.71,4.58
3,0:14,2,7,DAL 10,10,28,Brock Purdy pass complete short right to Kyle Juszczyk for 9 yards (tackle by Leighton Vander Esch and Malik Hooker),4.58,6.97
4,15:00,1,1,DAL 1,10,28,Christian McCaffrey up the middle for no gain (tackle by Donovan Wilson),6.97,5.91
4,14:22,2,1,DAL 1,10,34,"Brock Purdy pass complete short right to Kyle Juszczyk for 1 yard, touchdown",5.91,7
4,14:19,,,DAL 15,10,35,Jake Moody kicks extra point good,0,0
4,14:19,,,SFO 35,10,35,"Jake Moody kicks off 65 yards, touchback.",0,0.61
4,14:19,1,10,DAL 25,10,35,Dak Prescott pass incomplete short middle intended for CeeDee Lamb,0.61,0.06
4,14:15,2,10,DAL 25,10,35,Dak Prescott pass short left (defended by Deommodore Lenoir) intended for Michael Gallup is intercepted by Fred Warner at DAL-38 and returned for 12 yards (tackle by Michael Gallup),0.06,-3.84
4,14:05,1,10,DAL 26,10,41,"Jordan Mason left end for 26 yards, touchdown",3.84,7
4,13:59,,,DAL 15,10,42,Jake Moody kicks extra point good,0,0
4,13:59,,,SFO 35,10,42,"Jake Moody kicks off 65 yards, touchback.",0,0.61
4,13:59,1,10,DAL 25,10,42,Tony Pollard up the middle for 7 yards (tackle by Clelin Ferrell),0.61,1.01
4,13:38,2,3,DAL 32,10,42,Dak Prescott pass complete short right to Tony Pollard for 26 yards (tackle by Clelin Ferrell),1.01,2.79
4,12:59,1,10,SFO 42,10,42,Dak Prescott pass short right intended for Brandin Cooks is intercepted by Oren Burks at SF-36 and returned for 11 yards (tackle by Terence Steele),2.79,-2.06
4,12:50,1,10,SFO 47,10,42,Jordan Mason up the middle for 6 yards (tackle by Damone Clark and Donovan Wilson),2.06,2.33
4,12:07,2,4,DAL 47,10,42,Jordan Mason up the middle for 8 yards (tackle by Stephon Gilmore),2.33,2.98
4,11:19,1,10,DAL 39,10,42,Jordan Mason left end for -4 yards (tackle by Jayron Kearse),2.98,1.9
4,10:35,2,14,DAL 43,10,42,Tyrion Davis-Price up the middle for 2 yards (tackle by Donovan Wilson),1.9,1.49
4,9:49,3,12,DAL 41,10,42,"Penalty on Colton McKivitz: False Start, 5 yards (accepted) (no play)",1.49,0.83
4,9:49,3,17,DAL 46,10,42,Sam Darnold pass complete short left to Ray-Ray McCloud for 1 yard (tackle by Damone Clark),0.83,0.27
4,8:54,4,16,DAL 45,10,42,Mitch Wishnowsky punts 44 yards downed by Ronnie Bell,0.27,0.38
4,8:47,1,10,DAL 1,10,42,Rico Dowdle up the middle for no gain (tackle by Ji'Ayir Brown and Kevin Givens),-0.38,-0.78
4,8:10,2,10,DAL 1,10,42,Cooper Rush pass complete short right to Michael Gallup for 7 yards (tackle by Ambry Thomas),-0.78,-0.6
4,7:29,3,3,DAL 8,10,42,Rico Dowdle right guard for 8 yards (tackle by Austin Bryant and Oren Burks),-0.6,-0.14
4,6:56,1,10,DAL 16,10,42,Cooper Rush pass complete short right to Deuce Vaughn for 1 yard (tackle by Oren Burks),-0.14,-0.51
4,6:19,2,9,DAL 17,10,42,Rico Dowdle right end for 3 yards (tackle by Ambry Thomas),-0.51,-0.82
4,5:43,3,6,DAL 20,10,42,Cooper Rush sacked by Kevin Givens for -8 yards,-0.82,-2.49
4,5:05,4,14,DAL 12,10,42,"Bryan Anger punts 54 yards, returned by Ray-Ray McCloud for 12 yards (tackle by Damone Clark)",-2.49,-1.99
4,4:52,1,10,SFO 46,10,42,Tyrion Davis-Price right end for 15 yards (tackle by DaRon Bland and Malik Hooker),1.99,2.98
4,4:13,1,10,DAL 39,10,42,Tyrion Davis-Price left end for 4 yards (tackle by Mazi Smith),2.98,2.98
4,3:29,2,6,DAL 35,10,42,Tyrion Davis-Price up the middle for 4 yards (tackle by Neville Gallimore and Malik Jefferson),2.98,2.81
4,2:41,3,2,DAL 31,10,42,"Penalty on SFO: Delay of Game, 5 yards (accepted) (no play)",2.81,2.15
4,2:41,3,7,DAL 36,10,42,Tyrion Davis-Price up the middle for no gain (tackle by Markquese Bell),2.15,0.88
4,2:00,4,7,DAL 36,10,42,Tyrion Davis-Price right end for -4 yards (tackle by Malik Jefferson),0.88,-1.6
4,1:54,1,10,DAL 40,10,42,"Deuce Vaughn up the middle for 1 yard (tackle by Ambry Thomas). Penalty on Tyler Smith: Unnecessary Roughness / Offense, 15 yards (accepted)",1.6,-0.84
4,1:42,2,24,DAL 26,10,42,Deuce Vaughn up the middle for 4 yards (tackle by Dee Winters),-0.84,-0.96
4,0:57,3,20,DAL 30,10,42,Deuce Vaughn right tackle for 2 yards (tackle by Oren Burks),-0.96,-1.24
4,0:11,4,18,DAL 32,10,42,Cooper Rush kneels for -2 yards,-1.24,-3.58
4,0:10,1,10,DAL 30,10,42,Sam Darnold kneels for -1 yards,3.58,2.9