﻿Quarter,Time,Down,ToGo,Location,SFO,JAX,Detail,EPB,EPA
,,,,,,,"49ers won the coin toss and deferred, Jaguars to receive the opening kickoff.",,
1,15:00,,,SFO 35,0,0,"Jake Moody kicks off 65 yards, touchback.",0,0.61
1,15:00,1,10,JAX 25,0,0,Trevor Lawrence pass incomplete short right,0.61,0.06
1,14:55,2,10,JAX 25,0,0,Trevor Lawrence pass complete short left to Tim Jones for 5 yards (tackle by Fred Warner),0.06,0.04
1,14:15,3,5,JAX 30,0,0,Trevor Lawrence sacked by and Arik Armstead for -6 yards and Javon Hargrave for -6 yards,0.04,-1.77
1,13:44,4,11,JAX 24,0,0,"Logan Cooke punts 41 yards, returned by Ray-Ray McCloud for 8 yards (tackle by Ross Matiscik)",-1.77,-1.8
1,13:39,1,10,SFO 43,0,0,Christian McCaffrey up the middle for 6 yards (tackle by Foyesade Oluokun and Rayshawn Jenkins),1.8,2.06
1,13:04,2,4,SFO 49,0,0,Brock Purdy pass complete short right to Christian McCaffrey for 9 yards (tackle by Rayshawn Jenkins),2.06,2.79
1,12:26,1,10,JAX 42,0,0,Brock Purdy pass complete short right to George Kittle for 29 yards (tackle by Rayshawn Jenkins),2.79,4.71
1,11:42,1,10,JAX 13,6,0,"Brock Purdy pass complete short middle to Brandon Aiyuk for 13 yards, touchdown",4.71,7
1,11:34,,,JAX 15,7,0,Jake Moody kicks extra point good,0,0
1,11:34,,,SFO 35,7,0,"Jake Moody kicks off 65 yards, touchback.",0,0.61
1,11:34,1,10,JAX 25,7,0,Travis Etienne right end for no gain (tackle by Dre Greenlaw),0.61,0.06
1,10:50,2,10,JAX 25,7,0,"Penalty on Jamal Agnew: False Start, 5 yards (accepted) (no play)",0.06,-0.61
1,10:29,2,15,JAX 20,7,0,Trevor Lawrence pass complete short middle to Evan Engram for 5 yards (tackle by Talanoa Hufanga),-0.61,-0.62
1,9:44,3,10,JAX 25,7,0,Trevor Lawrence sacked by Javon Hargrave for -5 yards,-0.62,-2.03
1,9:15,4,15,JAX 20,7,0,"Logan Cooke punts 51 yards, returned by Ray-Ray McCloud for 9 yards (tackle by Chad Muma)",-2.03,-1.47
1,8:59,1,10,SFO 38,7,0,Brock Purdy pass complete deep middle to Brandon Aiyuk for 21 yards (tackle by Tyson Campbell),1.47,2.85
1,8:23,1,10,JAX 41,7,0,Christian McCaffrey right end for 9 yards (tackle by Roy Robertson-Harris and Rayshawn Jenkins),2.85,3.52
1,7:42,2,1,JAX 32,7,0,Christian McCaffrey up the middle for 3 yards (tackle by Josh Allen),3.52,3.64
1,7:00,1,10,JAX 29,7,0,Deebo Samuel left end for 2 yards (tackle by Foyesade Oluokun),3.64,3.37
1,6:27,2,8,JAX 27,7,0,Brock Purdy pass incomplete short left intended for George Kittle,3.37,2.68
1,6:22,3,8,JAX 27,7,0,Brock Purdy pass complete short right to Jauan Jennings for 8 yards (tackle by Tre Herndon),2.68,4.31
1,5:51,1,10,JAX 19,7,0,Brock Purdy pass complete short left to Deebo Samuel for 6 yards (tackle by Josh Allen),4.31,4.72
1,5:12,2,4,JAX 13,7,0,Brock Purdy pass incomplete short right intended for Christian McCaffrey,4.72,3.96
1,4:59,3,4,JAX 13,7,0,Brock Purdy sacked by Foyesade Oluokun for -8 yards,3.96,2.06
1,4:25,4,12,JAX 21,10,0,Jake Moody 39 yard field goal good,2.06,3
1,4:21,,,SFO 35,10,0,"Jake Moody kicks off 64 yards, returned by Jamal Agnew for 22 yards (tackle by Dee Winters and Jordan Mason)",0,0.48
1,4:16,1,10,JAX 23,10,0,Trevor Lawrence scrambles left guard for 3 yards (tackle by Javon Kinlaw),0.48,0.34
1,3:47,2,7,JAX 26,10,0,Travis Etienne up the middle for 3 yards (tackle by Dre Greenlaw and Talanoa Hufanga),0.34,0.04
1,3:04,3,4,JAX 29,10,0,Trevor Lawrence pass complete short middle to Tim Jones for 12 yards (tackle by Dre Greenlaw),0.04,1.66
1,2:28,1,10,JAX 41,10,0,Travis Etienne up the middle for 3 yards (tackle by Javon Hargrave and Fred Warner),1.66,1.53
1,1:52,2,7,JAX 44,10,0,Trevor Lawrence pass incomplete short right intended for Evan Engram (defended by Nick Bosa),1.53,0.83
1,1:45,3,7,JAX 44,10,0,Trevor Lawrence pass incomplete deep middle intended for Brenton Strange,0.83,-0.46
1,1:40,4,7,JAX 44,10,0,"Logan Cooke punts 56 yards, touchback.",-0.46,-0.28
1,1:31,1,10,SFO 20,10,0,"Brock Purdy pass complete short middle to Brandon Aiyuk for no gain (tackle by Tyson Campbell and Andrew Wingard). Penalty on Brandon Aiyuk: Offensive Pass Interference, 10 yards (accepted) (no play)",0.28,-0.76
1,1:02,1,20,SFO 10,10,0,Brock Purdy pass incomplete short right intended for Jauan Jennings (defended by Folorunso Fatukasi),-0.76,-1.51
1,0:59,2,20,SFO 10,10,0,Christian McCaffrey up the middle for 4 yards (tackle by Foyesade Oluokun),-1.51,-2.03
1,0:18,3,16,SFO 14,10,0,Brock Purdy pass complete short left to Deebo Samuel for 9 yards (tackle by Dawuane Smoot),-2.03,-1.83
2,15:00,4,7,SFO 23,10,0,"Mitch Wishnowsky punts 49 yards, returned by Christian Kirk for 15 yards (tackle by Jordan Mason)",-1.83,-1.8
2,14:50,1,10,JAX 43,10,0,Travis Etienne left guard for no gain (tackle by Fred Warner and Deommodore Lenoir),1.8,1.25
2,14:14,2,10,JAX 43,10,0,Travis Etienne right end for 16 yards (tackle by Talanoa Hufanga),1.25,2.85
2,13:34,1,10,SFO 41,10,0,Christian Kirk pass incomplete deep right intended for Travis Etienne,2.85,2.31
2,13:24,2,10,SFO 41,10,0,"Penalty on JAX: Delay of Game, 5 yards (accepted) (no play)",2.31,1.63
2,13:24,2,15,SFO 46,10,0,"Trevor Lawrence sacked by and Nick Bosa for -3 yards and Chase Young for -3 yards. Trevor Lawrence fumbles (forced by Nick Bosa), recovered by Nick Bosa at SF-49 and returned for -3 yards",1.63,-2.19
2,13:22,1,10,SFO 49,10,0,Deebo Samuel right end for 4 yards (tackle by K'Lavon Chaisson),2.19,2.19
2,12:43,2,6,JAX 47,10,0,Brock Purdy pass incomplete short right intended for Kyle Juszczyk (defended by Rayshawn Jenkins),2.19,1.49
2,12:37,3,6,JAX 47,10,0,"Brock Purdy pass complete short left to Deebo Samuel for no gain (tackle by Andre Cisco). Penalty on Trent Williams: Offensive Holding, 10 yards (accepted) (no play)",1.49,0.17
2,12:14,3,16,SFO 43,10,0,Brock Purdy pass incomplete short right intended for Christian McCaffrey (defended by Travon Walker),0.17,-0.52
2,12:08,4,16,SFO 43,10,0,Mitch Wishnowsky punts 56 yards downed by Shemar Jean-Charles,-0.52,0.38
2,11:56,1,10,JAX 1,10,0,Travis Etienne up the middle for 3 yards (tackle by Talanoa Hufanga),-0.38,-0.56
2,11:21,2,7,JAX 4,10,0,Trevor Lawrence pass complete short left to Christian Kirk for 15 yards (tackle by Dre Greenlaw),-0.56,0.15
2,10:37,1,10,JAX 19,10,0,"D'Ernest Johnson left end for 5 yards (tackle by Tashaun Gipson and Dre Greenlaw). Penalty on Walker Little: Offensive Holding, 10 yards (accepted)",0.15,-0.39
2,10:27,1,15,JAX 14,10,0,Trevor Lawrence pass complete short right to D'Ernest Johnson for 15 yards (tackle by Dre Greenlaw and Deommodore Lenoir),-0.39,0.87
2,9:58,1,10,JAX 29,10,0,D'Ernest Johnson up the middle for 2 yards (tackle by Arik Armstead),0.87,0.6
2,9:18,2,8,JAX 31,10,0,Trevor Lawrence pass complete short left to D'Ernest Johnson for 13 yards (tackle by Ambry Thomas),0.6,1.86
2,8:20,1,10,JAX 44,10,0,Trevor Lawrence pass complete short right to Christian Kirk for 5 yards (tackle by Fred Warner),1.86,1.99
2,8:11,2,5,JAX 49,10,0,Tank Bigsby up the middle for 3 yards (tackle by Fred Warner),1.99,1.69
2,7:23,3,2,SFO 48,10,0,Trevor Lawrence pass complete short left to Christian Kirk for 17 yards (tackle by Deommodore Lenoir),1.69,3.51
2,6:47,1,10,SFO 31,10,0,Tank Bigsby up the middle for 1 yard (tackle by Arik Armstead),3.51,3.1
2,6:04,2,9,SFO 30,10,0,"Trevor Lawrence pass complete short left to Tank Bigsby for no gain (tackle by Dre Greenlaw). Penalty on Charvarius Ward: Illegal Contact, 5 yards (accepted) (no play)",3.1,3.91
2,5:42,1,10,SFO 25,10,0,Trevor Lawrence pass complete short right to Evan Engram for 6 yards (tackle by Charvarius Ward),3.91,4.2
2,5:09,2,4,SFO 19,10,0,Travis Etienne up the middle for no gain (tackle by Deommodore Lenoir),4.2,3.49
2,4:31,3,4,SFO 19,10,0,Trevor Lawrence pass incomplete deep right intended for Christian Kirk (defended by Charvarius Ward),3.49,2.26
2,4:24,4,4,SFO 19,10,3,Brandon McManus 37 yard field goal good,2.26,3
2,4:20,,,JAX 35,10,3,"Brandon McManus kicks off 63 yards, returned by Ray-Ray McCloud for 20 yards (tackle by Andrew Wingard and Antonio Johnson)",0,0.41
2,4:11,1,10,SFO 22,10,3,Brock Purdy pass complete short right to Kyle Juszczyk for 4 yards (tackle by Andrew Wingard),0.41,0.41
2,3:36,2,6,SFO 26,10,3,Christian McCaffrey left end for 12 yards (tackle by Foyesade Oluokun),0.41,1.47
2,3:02,1,10,SFO 38,10,3,Brock Purdy pass complete short left to Christian McCaffrey for 17 yards (tackle by Andre Cisco and Andrew Wingard),1.47,2.59
2,2:18,1,10,JAX 45,10,3,Christian McCaffrey right guard for 5 yards (tackle by Dawuane Smoot),2.59,2.72
2,2:00,2,5,JAX 40,10,3,Elijah Mitchell right end for 3 yards (tackle by Adam Gotsis),2.72,2.41
2,1:15,,,,,,Timeout #1 by San Francisco 49ers,,
2,1:15,3,2,JAX 37,10,3,Christian McCaffrey left guard for 2 yards (tackle by Devin Lloyd and Tyson Campbell),2.41,3.25
2,0:54,,,,,,Timeout #1 by Jacksonville Jaguars,,
2,0:54,1,10,JAX 35,10,3,"Brock Purdy pass complete short left to Christian McCaffrey for 8 yards (tackle by Devin Lloyd). Penalty on Devin Lloyd: Face Mask (15 Yards), 14 yards (accepted)",3.25,4.71
2,0:41,1,10,JAX 13,10,3,Christian McCaffrey right end for 2 yards (tackle by Tre Herndon),4.71,4.39
2,0:30,,,,,,Timeout #2 by San Francisco 49ers,,
2,0:30,2,8,JAX 11,10,3,"Brock Purdy pass incomplete short right. Penalty on Brock Purdy: Intentional Grounding, 12 yards (accepted) Replay Assistant challenged the runner was down by contact ruling, and the play was upheld.",4.39,2.15
2,0:16,3,20,JAX 23,10,3,Brock Purdy pass complete short right to Christian McCaffrey for 6 yards (tackle by Tyson Campbell and Andre Cisco),2.15,2.31
2,0:03,,,,,,Timeout #3 by San Francisco 49ers,,
2,0:03,,,,,,Timeout #2 by Jacksonville Jaguars,,
2,0:03,4,14,JAX 17,13,3,Jake Moody 35 yard field goal good,2.31,3
3,15:00,,,JAX 35,13,3,"Brandon McManus kicks off 65 yards, touchback.",0,0.61
3,15:00,1,10,SFO 25,13,3,Brock Purdy pass complete short right to Deebo Samuel for 9 yards,0.61,1.28
3,14:21,2,1,SFO 34,19,3,"Brock Purdy pass complete deep right to George Kittle for 66 yards, touchdown",1.28,7
3,14:10,,,JAX 15,20,3,Jake Moody kicks extra point good,0,0
3,14:10,,,SFO 35,20,3,"Jake Moody kicks off 65 yards, touchback.",0,0.61
3,14:10,1,10,JAX 25,20,3,Trevor Lawrence sacked by Clelin Ferrell for -5 yards,0.61,-0.61
3,13:28,2,15,JAX 20,20,3,Trevor Lawrence pass complete short left to Calvin Ridley for 11 yards (tackle by Ambry Thomas),-0.61,0.17
3,12:47,3,4,JAX 31,20,3,Trevor Lawrence pass complete deep right to Christian Kirk for 26 yards (tackle by Talanoa Hufanga),0.17,2.72
3,12:19,1,10,SFO 43,20,3,Trevor Lawrence scrambles left end for 4 yards (tackle by Talanoa Hufanga),2.72,2.72
3,11:36,2,6,SFO 39,20,3,D'Ernest Johnson left guard for 5 yards (tackle by Nick Bosa and Ji'Ayir Brown),2.72,2.68
3,10:51,3,1,SFO 34,20,3,Trevor Lawrence pass short left intended for Tank Bigsby is intercepted by Talanoa Hufanga at SF-31 and returned for 12 yards (tackle by Trevor Lawrence),2.68,-1.8
3,10:37,1,10,SFO 43,20,3,Christian McCaffrey up the middle for 1 yard (tackle by Devin Lloyd and Adam Gotsis),1.8,1.39
3,10:00,2,9,SFO 44,20,3,Brock Purdy pass complete short right to Deebo Samuel for 6 yards (tackle by Gregory Junior),1.39,1.49
3,9:23,3,3,JAX 50,20,3,Brock Purdy sacked by Foyesade Oluokun for -1 yards,1.49,-0.13
3,8:36,4,4,SFO 49,20,3,"Mitch Wishnowsky punts 36 yards, fair catch by Christian Kirk at JAC-15",-0.13,0.22
3,8:29,1,10,JAX 15,20,3,Trevor Lawrence pass complete short left to Calvin Ridley for 9 yards (tackle by Deommodore Lenoir),-0.22,0.62
3,7:50,2,1,JAX 24,20,3,Trevor Lawrence pass incomplete deep left intended for Christian Kirk,0.62,-0.27
3,7:42,3,1,JAX 24,20,3,Travis Etienne up the middle for 8 yards (tackle by Talanoa Hufanga and Deommodore Lenoir),-0.27,1.07
3,7:08,1,10,JAX 32,20,3,Trevor Lawrence pass incomplete short left intended for Travis Etienne,1.07,0.53
3,7:01,2,10,JAX 32,20,3,Trevor Lawrence pass complete short right to Travis Etienne for 5 yards (tackle by Charvarius Ward and Fred Warner),0.53,0.5
3,6:19,3,5,JAX 37,20,3,"Trevor Lawrence pass incomplete short right intended for Calvin Ridley. Penalty on Nick Bosa: Roughing the Passer, 15 yards (accepted) (no play)",0.5,2.39
3,6:13,1,10,SFO 48,20,3,"Trevor Lawrence pass complete deep left to Christian Kirk for 39 yards (tackle by Deommodore Lenoir) SFO challenged the pass completion ruling, and the play was upheld.",2.39,5.14
3,5:47,1,9,SFO 9,20,3,Trevor Lawrence pass incomplete short left intended for Calvin Ridley,5.14,4.38
3,5:30,2,9,SFO 9,20,3,"Trevor Lawrence pass complete short left to Christian Kirk for 2 yards. Christian Kirk fumbles (forced by Ambry Thomas), recovered by Ambry Thomas at SF-8 and returned for 26 yards",4.38,-0.15
3,5:17,1,10,SFO 19,20,3,Brock Purdy pass complete short left to Christian McCaffrey for 1 yard (tackle by Devin Lloyd),0.15,-0.2
3,4:31,2,9,SFO 20,20,3,Brock Purdy pass incomplete short left intended for Christian McCaffrey,-0.2,-0.94
3,4:20,3,9,SFO 20,20,3,Brock Purdy pass complete deep right to Brandon Aiyuk for 21 yards (tackle by Tre Herndon),-0.94,1.66
3,3:43,1,10,SFO 41,20,3,Christian McCaffrey up the middle for 1 yard (tackle by DaVon Hamilton and Devin Lloyd),1.66,1.26
3,2:59,2,9,SFO 42,20,3,Brock Purdy pass complete deep left to George Kittle for 21 yards (tackle by Andre Cisco),1.26,3.12
3,2:17,1,10,JAX 37,20,3,Christian McCaffrey right guard for 14 yards (tackle by Gregory Junior and Tre Herndon),3.12,4.04
3,1:29,1,10,JAX 23,26,3,"Deebo Samuel for 23 yards, touchdown",4.04,7
3,1:20,,,JAX 15,27,3,Jake Moody kicks extra point good,0,0
3,1:20,,,SFO 35,27,3,"Jake Moody kicks off 64 yards, returned by D'Ernest Johnson for 22 yards (tackle by Talanoa Hufanga and Shemar Jean-Charles)",0,0.48
3,1:14,1,10,JAX 23,27,3,Travis Etienne up the middle for 2 yards (tackle by Javon Hargrave and Fred Warner),0.48,0.2
3,0:39,2,8,JAX 25,27,3,"Trevor Lawrence pass incomplete deep left intended for Calvin Ridley. Penalty on Ambry Thomas: Defensive Pass Interference, 23 yards (accepted) (no play)",0.2,2.13
3,0:34,1,10,JAX 48,27,3,Trevor Lawrence pass incomplete short left intended for Evan Engram,2.13,1.58
3,0:28,2,10,JAX 48,27,3,Trevor Lawrence sacked by Nick Bosa for -9 yards,1.58,-0.29
4,15:00,3,19,JAX 39,27,3,Trevor Lawrence pass complete short right to Travis Etienne for 4 yards (tackle by Dre Greenlaw),-0.29,-0.52
4,14:17,4,15,JAX 43,27,3,Trevor Lawrence pass deep left intended for Christian Kirk is intercepted by Fred Warner at SF-38 and returned for 22 yards (tackle by Travis Etienne),-0.52,-2.92
4,14:12,1,10,JAX 40,27,3,Christian McCaffrey left end for 15 yards (tackle by Andre Cisco and Andrew Wingard),2.92,3.91
4,13:29,1,10,JAX 25,27,3,Christian McCaffrey right guard for 3 yards (tackle by Devin Lloyd),3.91,3.77
4,12:48,2,7,JAX 22,33,3,"Brock Purdy pass complete deep middle to Kyle Juszczyk for 22 yards, touchdown",3.77,7
4,12:40,,,JAX 15,34,3,Jake Moody kicks extra point good,0,0
4,12:40,,,SFO 35,34,3,"Jake Moody kicks off 65 yards, touchback.",0,0.61
4,12:40,1,10,JAX 25,34,3,Trevor Lawrence pass incomplete deep left intended for Christian Kirk (defended by Tashaun Gipson),0.61,0.06
4,12:34,2,10,JAX 25,34,3,Trevor Lawrence pass incomplete short middle intended for Christian Kirk (defended by Javon Kinlaw),0.06,-0.62
4,12:30,3,10,JAX 25,34,3,"Penalty on Walker Little: False Start, 5 yards (accepted) (no play)",-0.62,-1.29
4,12:30,3,15,JAX 20,34,3,Trevor Lawrence pass complete short right to Evan Engram for -4 yards (tackle by Dre Greenlaw),-1.29,-2.39
4,11:52,4,19,JAX 16,34,3,"Logan Cooke punts 58 yards, returned by Ray-Ray McCloud for 5 yards (tackle by Chad Muma)",-2.39,-1
4,11:47,1,10,SFO 31,34,3,Elijah Mitchell left end for 4 yards (tackle by Rayshawn Jenkins),1,1
4,11:08,2,6,SFO 35,34,3,Elijah Mitchell up the middle for no gain (tackle by Devin Lloyd and Andrew Wingard),1,0.3
4,10:25,3,6,SFO 35,34,3,Brock Purdy pass complete deep middle to Ronnie Bell for 20 yards (tackle by Andrew Wingard),0.3,2.59
4,9:43,1,10,JAX 45,34,3,Elijah Mitchell up the middle for 3 yards (tackle by Tyler Lacy and Foyesade Oluokun),2.59,2.45
4,9:00,2,7,JAX 42,34,3,Elijah Mitchell left end for 8 yards (tackle by Foyesade Oluokun and Andrew Wingard),2.45,3.31
4,8:16,1,10,JAX 34,34,3,Elijah Mitchell right guard for 4 yards (tackle by Jeremiah Ledbetter and Tyler Lacy),3.31,3.31
4,7:30,2,6,JAX 30,34,3,Elijah Mitchell right end for no gain (tackle by Jeremiah Ledbetter and Tyler Lacy),3.31,2.61
4,6:51,3,6,JAX 30,34,3,Elijah Mitchell left end for 1 yard (tackle by Devin Lloyd),2.61,1.54
4,5:59,,,,,,Timeout #2 by San Francisco 49ers,,
4,5:59,4,5,JAX 29,34,3,Christian McCaffrey right end for 19 yards (tackle by Devin Lloyd),1.54,4.91
4,5:17,,,,,,Timeout #3 by San Francisco 49ers,,
4,5:17,1,10,JAX 10,34,3,Christian McCaffrey left end for 1 yard (tackle by Folorunso Fatukasi and Adam Gotsis),4.91,4.38
4,4:32,2,9,JAX 9,34,3,Sam Darnold pass complete short right to Christian McCaffrey for 6 yards (tackle by Devin Lloyd and Josh Allen),4.38,4.72
4,3:47,3,3,JAX 3,34,3,Christian McCaffrey left guard for -2 yards (tackle by Foyesade Oluokun),4.72,3.01
4,3:01,4,5,JAX 5,34,3,Sam Darnold pass incomplete short right intended for Christian McCaffrey (defended by Darious Williams),3.01,0.38
4,2:56,1,10,JAX 5,34,3,Tank Bigsby right guard for 1 yard (tackle by Shemar Jean-Charles),-0.38,-0.71
4,2:22,2,9,JAX 6,34,3,C.J. Beathard pass complete short middle to Evan Engram for 5 yards (tackle by Curtis Robinson),-0.71,-0.72
4,2:00,3,4,JAX 11,34,3,C.J. Beathard pass incomplete short middle intended for Evan Engram,-0.72,-2.49
4,1:54,4,4,JAX 11,34,3,"Logan Cooke punts 62 yards, returned by Ronnie Bell for 8 yards (tackle by Antonio Johnson)",-2.49,-1.27
4,1:43,1,10,SFO 35,34,3,Sam Darnold kneels for -1 yards,1.27,0.59
4,1:08,2,11,SFO 34,34,3,Sam Darnold kneels for -1 yards,0.59,-0.23
4,0:39,3,12,SFO 33,34,3,Sam Darnold kneels for -1 yards,-0.23,-1.24